uname,email,pwd
ptuser51,ptuser51@mail.com,Testuser123$
ptuser52,ptuser52@mail.com,Z6)=wuAJEpt.?hR!
ptuser53,ptuser53@mail.com,Z6)=wuAJEpt.?hR!
ptuser54,ptuser54@mail.com,Z6)=wuAJEpt.?hR!
ptuser55,ptuser55@mail.com,Z6)=wuAJEpt.?hR!
ptuser56,ptuser56@mail.com,Z6)=wuAJEpt.?hR!
ptuser57,ptuser57@mail.com,Z6)=wuAJEpt.?hR!
ptuser58,ptuser58@mail.com,Z6)=wuAJEpt.?hR!
ptuser59,ptuser59@mail.com,Z6)=wuAJEpt.?hR!
ptuser60,ptuser60@mail.com,Z6)=wuAJEpt.?hR!
ptuser61,ptuser61@mail.com,Z6)=wuAJEpt.?hR!
ptuser62,ptuser62@mail.com,Z6)=wuAJEpt.?hR!
ptuser63,ptuser63@mail.com,Z6)=wuAJEpt.?hR!
ptuser64,ptuser64@mail.com,Z6)=wuAJEpt.?hR!
ptuser65,ptuser65@mail.com,Z6)=wuAJEpt.?hR!
ptuser66,ptuser66@mail.com,Z6)=wuAJEpt.?hR!
ptuser67,ptuser67@mail.com,Z6)=wuAJEpt.?hR!
ptuser68,ptuser68@mail.com,Z6)=wuAJEpt.?hR!
ptuser69,ptuser69@mail.com,Z6)=wuAJEpt.?hR!
ptuser70,ptuser70@mail.com,Z6)=wuAJEpt.?hR!
ptuser71,ptuser71@mail.com,Z6)=wuAJEpt.?hR!
ptuser72,ptuser72@mail.com,Z6)=wuAJEpt.?hR!
ptuser73,ptuser73@mail.com,Z6)=wuAJEpt.?hR!
ptuser74,ptuser74@mail.com,Z6)=wuAJEpt.?hR!
ptuser75,ptuser75@mail.com,Z6)=wuAJEpt.?hR!
ptuser76,ptuser76@mail.com,Z6)=wuAJEpt.?hR!
ptuser77,ptuser77@mail.com,Z6)=wuAJEpt.?hR!
ptuser79,ptuser79@mail.com,Z6)=wuAJEpt.?hR!
ptuser80,ptuser80@mail.com,Z6)=wuAJEpt.?hR!
ptuser81,ptuser81@mail.com,Z6)=wuAJEpt.?hR!
ptuser82,ptuser82@mail.com,Z6)=wuAJEpt.?hR!
ptuser83,ptuser83@mail.com,Z6)=wuAJEpt.?hR!
ptuser84,ptuser84@mail.com,Z6)=wuAJEpt.?hR!
ptuser85,ptuser85@mail.com,Z6)=wuAJEpt.?hR!
ptuser86,ptuser86@mail.com,Z6)=wuAJEpt.?hR!
ptuser87,ptuser87@mail.com,Z6)=wuAJEpt.?hR!
ptuser88,ptuser88@mail.com,Z6)=wuAJEpt.?hR!
ptuser89,ptuser89@mail.com,Z6)=wuAJEpt.?hR!
ptuser90,ptuser90@mail.com,Z6)=wuAJEpt.?hR!
ptuser91,ptuser91@mail.com,Z6)=wuAJEpt.?hR!
ptuser92,ptuser92@mail.com,Z6)=wuAJEpt.?hR!
ptuser93,ptuser93@mail.com,Z6)=wuAJEpt.?hR!
ptuser94,ptuser94@mail.com,Z6)=wuAJEpt.?hR!
ptuser95,ptuser95@mail.com,Z6)=wuAJEpt.?hR!
ptuser96,ptuser96@mail.com,Z6)=wuAJEpt.?hR!
ptuser97,ptuser97@mail.com,Z6)=wuAJEpt.?hR!
ptuser98,ptuser98@mail.com,Z6)=wuAJEpt.?hR!
ptuser99,ptuser99@mail.com,Z6)=wuAJEpt.?hR!
ptuser100,ptuser100@mail.com,Z6)=wuAJEpt.?hR!
ptuser101,ptuser101@mail.com,Z6)=wuAJEpt.?hR!
